City_ID,City,Lat,Lng,Max Temp,Humidity,Cloudiness,Wind Speed,Country,Date
0,bethel,41.3712,-73.414,30.45,49,0,4.12,US,1721590067
1,polyarnyy,69.1989,33.4478,18.96,66,92,1.7,RU,1721590068
2,adamstown,-25.066,-130.1015,18.8,66,95,8.88,PN,1721590069
3,yellowknife,62.456,-114.3525,26.34,42,75,3.09,CA,1721590070
4,port alfred,-33.5906,26.891,13.04,68,8,2.54,ZA,1721590071
5,waitangi,-43.9535,-176.5597,9.9,99,100,4.02,NZ,1721590072
6,kone,-21.0595,164.8658,15.95,85,18,1.58,NC,1721590074
7,taro,-8.3862,115.28,22.0,100,70,0.73,ID,1721590075
8,nogliki,51.8333,143.1667,13.7,99,100,2.28,RU,1721590076
9,kodiak,57.79,-152.4072,15.73,77,75,4.63,US,1721590077
10,tazovsky,67.4667,78.7,5.76,70,8,3.67,RU,1721590078
11,olonkinbyen,70.9221,-8.7187,5.91,98,100,7.71,SJ,1721590079
12,olinda,-8.0089,-34.8553,26.85,69,40,6.17,BR,1721590080
13,idri,27.5,13.2667,34.86,16,0,3.16,LY,1721590081
14,ahmadpur east,29.1431,71.2598,40.99,28,31,2.4,PK,1721590083
15,uturoa,-16.7333,-151.4333,24.8,56,99,9.74,PF,1721590084
16,udachny,66.4167,112.4,15.72,93,100,6.33,RU,1721590085
17,newman,37.3138,-121.0208,33.36,17,0,0.14,US,1721590087
18,kapit,2.0167,112.9333,24.14,95,99,0.5,MY,1721590088
19,ad dawadimi,24.5077,44.3924,34.64,12,100,4.28,SA,1721590089
20,cabedelo,-6.9811,-34.8339,27.37,78,12,7.82,BR,1721590090
21,qaqortoq,60.7167,-46.0333,7.86,80,12,2.14,GL,1721590092
22,edinburgh of the seven seas,-37.0676,-12.3116,10.16,64,95,14.81,SH,1721590093
23,christchurch,-43.5333,172.6333,8.28,87,40,5.66,NZ,1721590074
24,steamboat springs,40.485,-106.8317,25.75,58,40,1.54,US,1721590095
25,anadyr,64.75,177.4833,11.28,87,100,3.0,RU,1721590096
26,port-aux-francais,-49.35,70.2167,3.85,97,100,11.4,TF,1721590097
27,tame,6.461,-71.73,26.38,85,89,1.5,CO,1721590098
28,saddiqabad,28.3062,70.1307,33.21,55,100,8.11,PK,1721590099
29,lent'ekhi,42.7856,42.7261,17.44,94,65,1.53,GE,1721590100
30,malango,-2.9627,119.9001,19.6,94,100,0.53,ID,1721590102
31,papatowai,-46.5619,169.4708,7.38,82,93,5.96,NZ,1721590103
32,wenling,28.3669,121.36,26.69,94,100,2.72,CN,1721590104
33,hithadhoo,-0.6,73.0833,29.34,73,6,4.85,MV,1721590105
34,dakhla,23.6848,-15.958,21.01,88,0,15.43,EH,1721590106
35,blackmans bay,-43.0167,147.3167,11.52,85,100,1.02,AU,1721590107
36,isafjordur,66.0755,-23.124,9.02,76,75,6.69,IS,1721590108
37,whitehorse,60.7161,-135.0538,25.05,46,75,0.0,CA,1721590109
38,saipan,15.1355,145.701,28.39,89,40,2.06,MP,1721590111
39,ilulissat,69.2167,-51.1,10.01,71,75,2.06,GL,1721590112
40,georgetown,5.4112,100.3354,29.97,83,20,1.54,MY,1721590113
41,thompson,55.7435,-97.8558,27.09,50,75,1.03,CA,1721590114
42,otuzco,-7.9,-78.5833,17.9,37,17,2.92,PE,1721590115
43,qarazhal,48.0078,70.7903,23.24,46,0,2.86,KZ,1721590116
44,hermanus,-34.4187,19.2345,6.0,75,0,1.27,ZA,1721590117
45,callao,-12.0667,-77.15,18.16,68,100,3.6,PE,1721590118
46,kifri,34.6959,44.9661,37.4,16,0,1.92,IQ,1721590120
47,okhotsk,59.3833,143.3,11.75,95,100,3.13,RU,1721590121
48,yarmouth,41.7057,-70.2286,29.23,72,0,4.12,US,1721590122
49,sao paulo de olivenca,-3.3783,-68.8725,34.44,37,90,1.37,BR,1721590123
50,asau,46.4333,26.4,19.6,99,51,0.95,RO,1721590124
51,flying fish cove,-10.4217,105.6791,24.82,78,100,5.66,CX,1721590126
52,nguigmi,14.2495,13.1092,31.56,51,90,1.36,NE,1721590127
53,tengrela,10.4869,-6.4097,26.36,76,100,1.26,CI,1721590129
54,dikhil,11.5,42.1667,34.4,33,100,1.91,DJ,1721590130
55,usogorsk,63.4106,48.6872,12.82,60,12,1.98,RU,1721590131
56,port elizabeth,-33.918,25.5701,8.94,87,0,2.06,ZA,1721590132
57,aykhal,66.0,111.5,15.0,97,100,6.18,RU,1721590133
58,invercargill,-46.4,168.35,7.23,87,100,1.79,NZ,1721590134
59,anna regina,7.2644,-58.5077,29.2,70,4,3.49,GY,1721590136
60,nyrob,60.733,56.7202,9.47,70,0,2.09,RU,1721590137
61,hawaiian paradise park,19.5933,-154.9731,26.73,78,100,2.06,US,1721590138
62,chonchi,-42.6128,-73.8092,11.56,70,5,0.67,CL,1721590139
63,portland,45.5234,-122.6762,26.4,53,6,1.55,US,1721589609
64,avarua,-21.2078,-159.775,24.03,60,100,7.2,CK,1721590141
65,luderitz,-26.6481,15.1594,14.06,75,73,4.34,NA,1721590142
66,grytviken,-54.2811,-36.5092,0.95,88,66,4.62,GS,1721590143
67,port hedland,-20.3167,118.5667,15.03,25,4,3.09,AU,1721590144
68,longyearbyen,78.2186,15.6401,8.91,81,75,0.0,SJ,1721590146
69,ribeira grande,38.5167,-28.7,25.43,78,20,4.63,PT,1721590147
70,abomsa,9.9833,39.9833,25.66,57,99,2.22,ET,1721590148
71,west island,-12.1568,96.8225,26.99,83,100,7.2,CC,1721590149
72,gadzhiyevo,69.2551,33.3362,18.85,69,89,1.12,RU,1721590150
73,talnakh,69.4865,88.3972,6.58,74,0,5.05,RU,1721590152
74,betio village,1.358,172.9211,28.02,68,93,8.4,KI,1721590153
75,boden,65.8252,21.6886,20.0,60,7,0.88,SE,1721590154
76,cabo san lucas,22.8909,-109.9124,34.61,45,0,5.14,MX,1721589707
77,san patricio,28.017,-97.5169,34.95,50,38,4.21,US,1721590156
78,twon-brass,4.3151,6.2418,25.89,79,10,4.66,NG,1721590157
79,gujo,35.7369,136.9585,26.13,95,14,2.48,JP,1721590158
80,iqaluit,63.7506,-68.5145,17.85,45,20,3.09,CA,1721590159
81,la ronge,55.1001,-105.2842,23.14,60,75,3.6,CA,1721590161
82,ushuaia,-54.8,-68.3,6.81,65,0,2.57,AR,1721590162
83,puerto natales,-51.7236,-72.4875,10.25,81,100,15.95,CL,1721590163
84,meadow lake,34.8014,-106.5436,28.3,49,37,1.08,US,1721590164
85,lockwood,45.8191,-108.4149,31.34,31,20,2.06,US,1721590165
86,stanley,54.868,-1.6985,16.27,72,60,2.82,GB,1721590166
87,oamaru,-45.0784,170.9801,7.99,68,86,8.29,NZ,1721590167
88,utrik,11.2278,169.8474,27.93,80,85,6.92,MH,1721590168
89,tura,25.5198,90.2201,25.19,93,100,2.94,IN,1721590170
90,taltal,-25.4,-70.4833,15.73,66,0,2.53,CL,1721590171
91,salida,37.7058,-121.0849,31.75,32,0,4.63,US,1721590172
92,saint-pierre,-21.3393,55.4781,20.82,60,0,3.09,RE,1721590173
93,cannonvale,-20.2833,148.7,17.66,59,0,6.55,AU,1721590174
94,fort st. john,56.2499,-120.8529,27.94,39,75,5.66,CA,1721589907
95,vozhega,60.4725,40.2213,15.61,71,0,3.03,RU,1721590176
96,fale old settlement,-9.3852,-171.2468,28.19,68,55,8.25,TK,1721590177
97,yuanping,38.7153,112.7575,22.82,72,72,1.01,CN,1721590178
98,hasaki,35.7333,140.8333,24.22,93,63,4.56,JP,1721590180
99,kyren,51.6828,102.1408,16.01,98,100,0.64,RU,1721590181
100,port mathurin,-19.6833,63.4167,22.75,70,8,6.25,MU,1721590182
101,jogeva,58.7467,26.3939,19.38,96,58,1.79,EE,1721590183
102,constantia,44.1833,28.65,26.38,71,90,3.36,RO,1721590184
103,lagunillas,10.1301,-71.2595,30.37,71,9,5.13,VE,1721590185
104,mount gambier,-37.8333,140.7667,11.73,96,66,4.48,AU,1721590186
105,margaret river,-33.95,115.0667,16.95,66,53,9.47,AU,1721590188
106,jamestown,42.097,-79.2353,26.77,50,0,2.57,US,1721590189
107,grossenhain,51.2833,13.55,25.21,72,100,2.33,DE,1721590190
108,lata,40.1629,-8.3327,24.4,56,0,2.3,PT,1721590192
109,east london,-33.0153,27.9116,15.02,57,99,1.63,ZA,1721590193
110,pathein,16.7833,94.7333,26.34,87,100,2.57,MM,1721590195
111,cancun,21.1743,-86.8466,30.96,79,40,3.6,MX,1721589617
112,tyukhtet,56.5389,89.3011,16.13,97,99,1.64,RU,1721590198
113,pudozh,61.8099,36.5345,14.86,66,6,2.43,RU,1721590199
114,voi,-3.3945,38.563,20.97,81,100,5.63,KE,1721590200
115,port sudan,19.6175,37.2164,34.53,40,100,1.11,SD,1721590201
116,san lorenzo,-25.3333,-57.5333,30.11,43,0,4.12,PY,1721590202
117,canchungo,12.0672,-16.0333,29.07,85,96,2.97,GW,1721590203
118,college,64.8569,-147.8028,21.36,60,0,0.45,US,1721590204
119,hamilton,39.1834,-84.5333,28.33,62,0,3.6,US,1721590206
120,wailua homesteads,22.0669,-159.378,26.53,77,20,5.66,US,1721590208
121,whangarei,-35.7317,174.3239,12.6,85,99,2.16,NZ,1721590209
122,parry sound,45.3501,-80.033,26.03,34,0,3.05,CA,1721590210
123,aspen,39.1911,-106.8175,25.47,25,0,5.66,US,1721589962
124,fort stockton,30.894,-102.8793,33.2,41,98,0.89,US,1721590212
125,saldanha,-33.0117,17.9442,9.03,72,22,5.51,ZA,1721590213
126,yuzhno-kurilsk,44.0306,145.8556,15.96,98,95,3.65,RU,1721590215
127,palmer,42.1584,-72.3287,30.29,46,75,3.09,US,1721590216
128,bilibino,68.0546,166.4372,10.94,87,100,2.03,RU,1721590217
129,trincomalee,8.5711,81.2335,27.49,78,83,9.28,LK,1721590218
130,puerto ayora,-0.7393,-90.3518,25.98,95,54,4.02,EC,1721590219
131,aasiaat,68.7098,-52.8699,4.09,93,100,2.31,GL,1721590222
132,taoudenni,22.6783,-3.9836,41.19,9,6,3.24,ML,1721590223
133,tiksi,71.6872,128.8694,4.41,88,100,1.97,RU,1721590224
134,colonia,50.9333,6.95,23.58,74,40,3.6,DE,1721589989
135,san antonio de pale,-1.4014,5.6325,23.55,74,0,2.28,GQ,1721590226
136,sao felix do xingu,-6.6447,-51.995,34.9,22,4,2.53,BR,1721590227
137,kununurra,-15.7667,128.7333,15.99,41,71,0.51,AU,1721590228
138,port isabel,26.0734,-97.2086,33.05,58,2,7.53,US,1721590229
139,tobelo,1.7284,128.0095,25.89,85,100,3.34,ID,1721590231
140,kerikeri,-35.2268,173.9474,12.87,84,75,3.87,NZ,1721590232
141,lebu,-37.6167,-73.65,10.42,62,5,2.59,CL,1721590233
142,lompoc,34.6391,-120.4579,24.77,82,100,5.66,US,1721590234
143,conde,-7.2597,-34.9075,26.7,69,40,7.72,BR,1721590235
144,arraial do cabo,-22.9661,-42.0278,22.98,64,0,3.6,BR,1721590236
145,susuman,62.7833,148.1667,11.99,93,100,0.74,RU,1721590237
146,dapchi,12.4904,11.4944,28.34,64,92,5.34,NG,1721590238
147,namibe,-15.1961,12.1522,17.83,82,97,1.02,AO,1721590240
148,cill airne,52.05,-9.5167,15.83,94,100,3.42,IE,1721590241
149,toliara,-23.35,43.6667,19.35,80,0,4.2,MG,1721590242
150,remire-montjoly,4.9167,-52.2667,27.02,83,0,1.03,GF,1721590243
151,sur,22.5667,59.5289,32.88,55,99,5.07,OM,1721590244
152,mahina,-17.5065,-149.489,24.87,50,0,1.54,PF,1721590245
153,albany,42.6001,-73.9662,29.14,56,94,0.89,US,1721590246
154,buka,40.8108,69.1986,25.49,27,0,3.12,UZ,1721590247
155,kantunilkin,21.0917,-87.45,36.29,37,81,2.39,MX,1721590249
156,atafu village,-8.5421,-172.5159,28.47,75,44,9.09,TK,1721590250
157,saint-philippe,-21.3585,55.7679,20.77,82,35,3.06,RE,1721590251
158,weno,7.4515,151.8468,27.97,89,100,2.06,FM,1721590252
159,kingston,17.997,-76.7936,33.53,70,20,8.75,JM,1721590162
160,santa isabel,-23.3156,-46.2214,24.42,55,0,1.71,BR,1721590254
161,vilyuchinsk,52.9306,158.4028,10.15,79,96,0.53,RU,1721590255
162,brookings,44.3114,-96.7984,27.88,60,40,3.6,US,1721590256
163,hobyo,5.3505,48.5268,24.43,86,95,12.05,SO,1721590258
164,howard springs,-12.497,131.047,20.95,51,5,2.67,AU,1721590259
165,afaahiti,-17.75,-149.2833,23.93,70,99,10.59,PF,1721590260
166,borzya,50.3833,116.5167,17.31,69,83,2.88,RU,1721590261
167,lorengau,-2.0226,147.2712,27.42,83,87,4.72,PG,1721590263
168,seybaplaya,19.65,-90.6667,31.7,70,100,2.85,MX,1721590266
169,saint-francois,46.4154,3.9054,20.69,78,0,5.14,FR,1721590267
170,tevriz,57.509,72.4042,10.84,91,86,2.12,RU,1721590268
171,keflavik,64.0049,-22.5624,10.95,81,75,10.8,IS,1721590269
172,waingapu,-9.6567,120.2641,22.82,84,56,3.58,ID,1721590271
173,bremen,53.0752,8.8078,22.12,95,20,2.06,DE,1721590272
174,lugovoye,42.9094,72.7178,22.28,44,0,1.64,KZ,1721590273
175,miramar,25.9873,-80.2323,34.01,71,0,4.63,US,1721590274
176,beloyarskiy,63.7119,66.6722,10.26,69,100,1.92,RU,1721590276
177,qorveh,35.1664,47.8045,22.58,26,0,2.98,IR,1721590277
178,punta arenas,-53.15,-70.9167,7.06,81,100,15.95,CL,1721590278
179,esikhaleni,-28.871,31.8996,17.27,85,86,0.67,ZA,1721590279
180,naze,28.3667,129.4833,25.51,82,16,3.0,JP,1721590280
181,vorgashor,67.5833,63.95,8.05,65,98,2.94,RU,1721590281
182,puerto baquerizo moreno,-0.9,-89.6,24.55,73,40,9.26,EC,1721590282
183,thakhek,17.4103,104.8307,24.04,98,100,0.31,LA,1721590284
184,koz'modem'yansk,56.3367,46.5711,16.8,96,95,4.81,RU,1721590285
185,sitangkai,4.6628,119.3928,28.84,80,100,5.81,PH,1721590286
186,daru,-9.0763,143.2092,24.56,83,100,7.02,PG,1721590287
187,berezovyy,51.6667,135.7,15.57,97,100,1.89,RU,1721590288
188,abra pampa,-22.7205,-65.697,16.21,11,3,10.46,AR,1721590289
189,fasa,28.9383,53.6482,29.58,17,0,1.03,IR,1721590290
190,salmon arm,50.6998,-119.3024,35.24,44,0,1.54,CA,1721590291
191,lihue,21.9789,-159.3672,26.87,79,20,5.66,US,1721590293
192,sarmiento,-45.5882,-69.07,12.8,53,40,15.12,AR,1721590294
193,bredasdorp,-34.5322,20.0403,6.94,86,0,1.06,ZA,1721590295
194,valparaiso,-33.0393,-71.6273,19.13,55,20,4.63,CL,1721590296
195,chauk,20.8833,94.8167,26.07,90,100,6.71,MM,1721590297
196,st. john's,47.5649,-52.7093,23.66,46,75,8.75,CA,1721590298
197,el granada,37.5027,-122.4694,24.54,73,97,1.34,US,1721590299
198,rongelap,11.1635,166.8941,28.25,81,22,7.22,MH,1721590300
199,alesund,62.4723,6.1549,18.33,93,75,7.2,NO,1721590302
200,megion,61.0296,76.1136,15.01,51,100,4.75,RU,1721590303
201,gaspar,-26.9314,-48.9589,23.04,75,19,0.66,BR,1721590304
202,ancud,-41.8697,-73.8203,9.7,80,23,1.09,CL,1721590305
203,mejit,10.2753,170.8646,28.1,79,100,6.56,MH,1721590306
204,quellon,-43.1167,-73.6167,10.8,77,10,0.87,CL,1721590307
205,timimoun,29.2639,0.231,43.21,9,0,3.09,DZ,1721590308
206,kalach,50.4258,41.0261,21.65,51,63,2.18,RU,1721590309
207,funafuti,-8.5243,179.1942,29.0,84,100,7.72,TV,1721590311
208,posse,-14.0931,-46.3694,27.67,28,5,3.72,BR,1721590312
209,komatipoort,-25.4332,31.9548,20.03,92,100,1.23,ZA,1721590313
210,santa cruz,-17.8,-63.1667,32.7,42,2,8.23,BO,1721590314
211,ust-nera,64.5667,143.2,13.71,87,100,1.41,RU,1721590315
212,ataq,14.5377,46.8319,30.16,50,100,3.14,YE,1721590316
213,kamyzyak,46.11,48.0736,23.99,73,0,1.0,RU,1721590317
214,panacan,9.2463,118.4082,26.63,76,100,1.64,PH,1721590319
215,vila franca do campo,37.7167,-25.4333,25.23,76,28,2.45,PT,1721590320
216,saint-joseph,-21.3667,55.6167,20.21,81,17,2.56,RE,1721590321
217,pasuquin,18.3328,120.6177,25.97,94,100,2.06,PH,1721590322
218,lhokseumawe,5.1801,97.1507,26.82,86,100,1.6,ID,1721590323
219,suwa,36.038,138.1131,21.08,96,18,1.5,JP,1721590324
220,flin flon,54.7682,-101.865,27.91,57,100,4.63,CA,1721590325
221,tsiombe,-25.3,45.4833,18.32,94,14,2.23,MG,1721590327
222,xacmaz,41.4635,48.806,23.72,55,0,3.51,AZ,1721590328
223,guiratinga,-16.3494,-53.7583,31.2,17,0,2.2,BR,1721590329
224,sydney mines,46.2367,-60.2177,27.36,62,75,5.66,CA,1721590330
225,as sulayyil,20.4607,45.5779,38.14,10,100,2.77,SA,1721590331
226,kayangel,8.0823,134.7173,28.12,76,100,4.88,PW,1721590332
227,monrovia,6.3005,-10.7969,24.87,86,100,5.46,LR,1721590333
228,badger,64.8,-147.5333,21.31,56,0,0.0,US,1721590334
229,cole harbour,44.6724,-63.4751,24.66,69,79,6.69,CA,1721590335
230,west bay,19.3667,-81.4167,32.04,66,20,4.12,KY,1721590337
231,kenai,60.5544,-151.2583,16.19,78,0,3.6,US,1721590338
232,laojunmiao,39.8333,97.7333,21.78,28,0,4.23,CN,1721590339
233,reggane,26.7158,0.1714,40.31,7,0,4.6,DZ,1721590340
234,dykan'ka,49.825,34.5279,22.59,35,100,3.39,UA,1721590341
235,nikol'sk,53.7189,46.0712,16.94,77,77,2.46,RU,1721590342
236,enewetak,11.3474,162.3373,28.28,80,98,7.37,MH,1721590343
237,kovel,51.2153,24.7087,17.84,77,98,1.91,UA,1721590345
238,marabba,12.35,32.1833,26.13,71,63,5.56,SD,1721590346
239,al ghayzah,16.2079,52.176,27.91,76,100,3.23,YE,1721590347
240,oban,56.4127,-5.4706,13.54,89,98,2.37,GB,1721590348
241,al 'aziziyah,32.9058,45.0616,37.28,15,0,3.36,IQ,1721590349
242,camara de lobos,32.6333,-16.9667,27.06,84,40,5.66,PT,1721590350
243,qingyuan,23.7,113.0333,27.99,81,100,1.22,CN,1721590351
244,nizhnesortymskiy,62.4397,71.7603,13.54,50,100,3.83,RU,1721590352
245,mary,37.0,62.5,29.99,18,0,3.63,TM,1721590354
246,sitka,57.0531,-135.33,16.94,77,100,3.09,US,1721590069
247,elazig,38.6743,39.2232,26.83,24,0,2.06,TR,1721590356
248,noumea,-22.2763,166.4572,19.44,99,34,2.76,NC,1721590357
249,rakops,-21.0167,24.3333,18.39,17,4,2.16,BW,1721590358
250,yeppoon,-23.1333,150.7333,7.36,56,0,2.28,AU,1721590359
251,richards bay,-28.783,32.0377,17.57,84,94,1.1,ZA,1721590360
252,canutama,-6.5339,-64.3831,37.81,17,33,1.67,BR,1721590361
253,selkirk,50.1436,-96.8845,28.93,69,4,0.45,CA,1721590362
254,sedziszow malopolski,50.0707,21.7006,21.94,69,69,2.33,PL,1721590364
255,stonehaven,56.9637,-2.2118,16.99,79,94,3.49,GB,1721590365
256,saudarkrokur,65.7461,-19.6394,6.81,97,100,3.13,IS,1721590366
257,usinsk,65.9939,57.5281,11.56,57,88,3.85,RU,1721590310
258,cambria,35.5641,-121.0808,33.21,57,30,6.49,US,1721590369
259,kapuskasing,49.4169,-82.4331,21.05,49,100,6.17,CA,1721590370
260,egilsstadir,65.2653,-14.3948,10.95,71,100,2.06,IS,1721590371
261,tabuk,17.4189,121.4443,23.75,95,100,0.42,PH,1721590373
262,port blair,11.6667,92.75,29.02,84,75,3.6,IN,1721590374
263,frederico westphalen,-27.3592,-53.3944,19.59,79,100,0.92,BR,1721590375
264,pointe michel,15.25,-61.3833,30.16,73,10,6.17,DM,1721590376
265,dudinka,69.4058,86.1778,4.14,81,4,4.91,RU,1721590377
266,jining,35.405,116.5814,26.94,95,83,7.23,CN,1721590378
267,kyzylorda,44.8528,65.5092,22.01,46,0,3.0,KZ,1721590379
268,parkes,-33.1333,148.1833,6.31,85,90,1.09,AU,1721590381
269,pucheng,27.9233,118.5333,21.91,97,24,0.34,CN,1721590382
270,bamboo flat,11.7,92.7167,29.05,84,75,3.6,IN,1721590384
271,new norfolk,-42.7826,147.0587,11.62,96,100,0.51,AU,1721590385
272,padang,-0.9492,100.3543,25.03,90,48,1.99,ID,1721590387
273,port lincoln,-34.7333,135.8667,12.69,90,91,6.48,AU,1721590389
274,belyy yar,53.6039,91.3903,17.94,100,75,4.0,RU,1721590390
275,iskateley,67.6803,53.1512,10.67,63,96,2.03,RU,1721590391
276,maceio,-9.6658,-35.7353,26.69,61,40,5.14,BR,1721590392
277,oruro,-17.9833,-67.15,16.27,34,20,5.14,BO,1721590393
278,sao vicente,-23.9631,-46.3919,26.19,62,75,2.68,BR,1721590394
279,mount pearl,47.5166,-52.7813,23.19,56,75,8.75,CA,1721590102
280,mermoz boabab,14.7065,-17.4758,29.31,70,20,5.14,SN,1721590396
281,eraan,9.0629,117.7016,26.15,84,100,3.76,PH,1721590399
282,korsakov,46.6328,142.7813,18.91,99,93,3.64,RU,1721590400
283,port shepstone,-30.7414,30.455,15.44,90,100,1.22,ZA,1721590401
284,galliano,29.4422,-90.2992,25.0,88,100,1.54,US,1721590402
285,palikir - national government center,6.9248,158.1611,24.41,100,40,0.0,FM,1721590403
286,humberto de campos,-2.5983,-43.4611,29.36,55,6,2.49,BR,1721590404
287,broome,42.2506,-75.833,29.15,48,40,1.54,US,1721590405
288,bandarbeyla,9.4942,50.8122,25.37,81,68,15.88,SO,1721590407
289,urazovo,50.0836,38.0395,22.11,44,39,3.14,RU,1721590408
290,mossel bay,-34.1831,22.146,10.8,73,0,1.02,ZA,1721590409
291,shaping,22.7545,112.9565,28.57,77,98,2.71,CN,1721590410
292,pauini,-7.7136,-66.9764,36.43,22,92,1.53,BR,1721590411
293,papao,-17.75,-149.55,24.82,68,87,11.5,PF,1721590412
294,badagry,6.4167,2.8833,24.13,86,29,4.13,NG,1721590413
295,nova sintra,14.8667,-24.7167,25.05,77,0,6.8,CV,1721590414
296,los alamos,35.8881,-106.307,23.87,44,0,2.06,US,1721590416
297,aricak,38.5639,40.1347,25.14,33,0,3.52,TR,1721590417
298,shahecheng,36.9383,114.5058,29.4,84,55,0.64,CN,1721590418
299,grand falls-windsor,48.9332,-55.6649,25.84,57,100,2.24,CA,1721590419
300,alice springs,-23.7,133.8833,-0.25,80,0,2.57,AU,1721590420
301,brazzaville,-4.2658,15.2832,25.17,64,12,2.57,CG,1721590421
302,pemalang,-6.9,109.3667,23.59,74,17,2.85,ID,1721590422
303,kerben,40.2951,72.1863,25.28,39,100,2.96,KG,1721590423
304,bel ombre,-4.6167,55.4167,25.91,89,40,5.66,SC,1721590425
305,tres isletas,-26.3407,-60.4321,26.78,41,0,2.71,AR,1721590426
306,petropavlovsk-kamchatsky,53.0452,158.6483,9.33,100,100,0.0,RU,1721590153
307,jinghong,21.991,100.7341,21.76,99,99,0.92,CN,1721590428
308,kavaratti,10.5669,72.642,27.26,89,100,5.36,IN,1721590429
309,kiunga,-6.1219,141.2906,21.99,99,100,0.76,PG,1721590430
310,haiku-pauwela,20.9219,-156.3051,28.43,62,20,5.36,US,1721590432
311,tolanaro,-25.0319,46.9987,19.04,94,20,0.0,MG,1721590433
312,thunder bay,48.4001,-89.3168,23.99,41,20,2.57,CA,1721590369
313,saint-leu,-21.15,55.2833,18.86,87,0,0.87,RE,1721590435
314,buta,2.7858,24.73,20.47,92,99,0.61,CD,1721590436
315,sodra sandby,56.5667,16.6167,19.38,89,13,2.06,SE,1721590439
316,chimore,-16.9833,-65.1333,31.38,34,8,1.89,BO,1721590440
317,sainte-rose,16.3324,-61.6979,31.02,62,75,7.2,GP,1721590441
318,grand-bassam,5.2118,-3.7388,23.98,89,8,3.94,CI,1721590442
319,i-n-salah,27.1935,2.4607,38.77,9,0,5.59,DZ,1721590443
320,la passe,45.5549,-0.8967,18.34,72,96,6.21,FR,1721590444
321,necochea,-38.5473,-58.7368,10.65,60,0,2.7,AR,1721590445
322,chibougamau,49.9168,-74.3659,14.79,67,100,6.17,CA,1721590446
323,vadakku valliyur,8.3833,77.65,25.5,73,98,2.13,IN,1721590448
324,amga,60.8953,131.9608,12.29,95,21,0.58,RU,1721590449
325,melekeok village,7.4957,134.6367,26.31,89,100,1.54,PW,1721590450
326,cowra,-33.8333,148.6833,8.58,77,100,1.91,AU,1721590451
327,radhakund,27.5333,77.4833,33.2,55,46,4.48,IN,1721590452
328,nar'yan-mar,67.6713,53.087,10.74,63,95,2.02,RU,1721590453
329,bodo,67.28,14.405,24.02,50,0,8.75,NO,1721590454
330,ugurludag,40.4463,34.4526,24.78,49,27,3.11,TR,1721590456
331,sola,-13.8833,167.55,26.69,81,2,8.25,VU,1721590457
332,sligo,54.2697,-8.4694,15.17,96,100,1.54,IE,1721590458
333,sandnessjoen,66.0217,12.6316,25.06,47,0,4.12,NO,1721590459
334,hadithah,34.1397,42.3781,35.9,22,0,6.33,IQ,1721590460
335,masterton,-40.9597,175.6575,8.94,96,100,1.89,NZ,1721590461
336,west mackay,-21.1481,149.1605,9.24,54,0,5.53,AU,1721590462
337,zaozersk,69.4005,32.4476,17.51,72,96,1.08,RU,1721590463
338,quzhou,28.9594,118.8686,25.01,81,30,0.93,CN,1721590465
339,makaha,21.4694,-158.2175,27.95,61,75,4.63,US,1721590466
340,trondheim,63.4305,10.3951,25.03,55,63,1.34,NO,1721590467
341,pangody,65.85,74.4859,8.47,64,0,3.49,RU,1721590468
342,lagoa,39.05,-27.9833,22.67,77,99,2.85,PT,1721590469
343,khandyga,62.6667,135.6,12.85,95,74,0.52,RU,1721590470
344,naama,33.2667,-0.3167,35.63,15,1,4.19,DZ,1721590471
345,priozersk,61.0393,30.1291,19.44,93,1,1.94,RU,1721590472
346,basco,20.4487,121.9702,29.73,79,100,7.83,PH,1721590474
347,fauske,67.2588,15.3918,24.02,58,18,3.92,NO,1721590475
348,shikarpur,27.9571,68.6379,34.94,56,100,5.64,PK,1721590476
349,pangai,-19.8,-174.35,24.06,83,20,4.63,TO,1721590477
350,nynashamn,58.9034,17.9479,17.87,96,50,2.83,SE,1721590478
351,nahrin,36.0649,69.1334,25.19,30,5,1.55,AF,1721590479
352,memmingen,47.9837,10.1853,20.99,88,75,5.66,DE,1721590480
353,yankton,42.8711,-97.3973,30.06,61,20,2.57,US,1721590482
354,fougamou,-1.2154,10.5838,24.81,60,14,0.92,GA,1721590483
355,dzhalagash,45.0833,64.6667,26.28,34,0,3.66,KZ,1721590484
356,srivardhan,18.0333,73.0167,26.86,87,100,7.77,IN,1721590485
357,carnarvon,-24.8667,113.6333,18.66,49,0,2.21,AU,1721590486
358,kargasok,59.0556,80.8572,13.14,87,100,3.25,RU,1721590488
359,al qaryatayn,34.2296,37.2407,26.27,43,0,4.07,SY,1721590489
360,holdrege,40.4403,-99.3698,26.81,62,75,2.57,US,1721590490
361,puerto lopez,4.0845,-72.956,27.39,78,96,3.08,CO,1721590491
362,mar del plata,-38.0023,-57.5575,11.64,73,95,3.13,AR,1721590492
363,mindelo,16.8901,-24.9804,28.75,54,20,8.75,CV,1721590493
364,chardara,41.2547,67.9692,27.29,32,0,3.52,KZ,1721590495
365,agua prieta,31.3,-109.5667,31.87,35,31,1.25,MX,1721590496
366,hami,42.8,93.45,30.57,24,47,8.6,CN,1721590497
367,barcelos,41.5388,-8.6151,27.18,76,0,2.39,PT,1721590498
368,nampula,-15.1165,39.2666,19.97,83,0,3.09,MZ,1721590499
369,pecanha,-18.5486,-42.5569,21.95,55,8,2.44,BR,1721590500
370,ilhabela,-23.7781,-45.3581,19.98,74,0,2.28,BR,1721590501
371,nikopol,47.5712,34.3964,28.14,36,100,3.78,UA,1721590504
372,pandan,14.0453,124.1694,26.91,86,100,4.72,PH,1721590505
373,terbanggi besar,-4.8667,105.2333,23.13,89,1,2.85,ID,1721590506
374,coquimbo,-29.9533,-71.3436,15.85,72,40,6.17,CL,1721590507
375,armacao de buzios,-22.7469,-41.8817,25.03,75,0,4.67,BR,1721590508
376,mandan,46.8267,-100.8896,29.89,56,0,2.57,US,1721590509
377,santaluz,-11.2558,-39.3747,26.33,41,19,5.54,BR,1721590511
378,perry,37.2506,-83.1999,25.4,78,100,1.03,US,1721590512
379,dunedin,-45.8742,170.5036,7.67,77,100,6.71,NZ,1721590513
380,queenstown,-31.8976,26.8753,7.13,36,100,1.06,ZA,1721589968
381,mezhdurechensk,53.6942,88.0603,15.7,97,100,1.23,RU,1721590235
382,moree,-29.4667,149.85,4.83,86,0,0.88,AU,1721590517
383,labytnangi,66.6572,66.4183,9.0,71,62,4.01,RU,1721590519
384,gorontalo,0.5412,123.0595,24.96,88,100,2.1,ID,1721590521
385,essaouira,31.5125,-9.77,20.8,89,0,13.03,MA,1721590522
386,vernon,50.2581,-119.2691,33.74,24,0,1.54,CA,1721590523
387,krasnoturansk,54.3186,91.5639,15.6,97,100,5.0,RU,1721590524
388,amol,36.4696,52.3507,24.29,81,100,1.97,IR,1721590525
389,kupang,-10.1667,123.5833,25.32,78,2,4.12,ID,1721590526
390,shiraz,29.6036,52.5388,31.69,13,0,7.2,IR,1721590527
391,fort bragg,35.139,-79.006,32.04,63,75,1.54,US,1721590528
392,north platte,41.1239,-100.7654,27.84,49,0,5.14,US,1721590301
393,sinabang,2.4803,96.3801,27.14,81,100,2.12,ID,1721590531
394,znamenskoye,57.1281,73.8282,14.38,84,100,2.88,RU,1721590532
395,kolonia town,6.964,158.206,25.0,100,40,0.0,FM,1721590533
396,meulaboh,4.1363,96.1285,26.24,85,100,1.84,ID,1721590534
397,geraldton,-28.7667,114.6,8.23,81,0,6.17,AU,1721590535
398,nizhneudinsk,54.9076,99.0276,17.15,85,100,1.11,RU,1721590536
399,umm kaddadah,13.6017,26.6876,30.49,49,94,5.35,SD,1721590537
400,crane,31.3974,-102.3501,33.79,30,99,3.76,US,1721590539
401,katabu,-4.9333,122.5167,23.1,92,73,2.17,ID,1721590540
402,haimen,23.1935,116.6142,26.94,86,96,1.13,CN,1721590541
403,antonio enes,-16.2325,39.9086,21.91,73,4,3.44,MZ,1721590542
404,sidney,-33.8679,151.2073,8.55,78,3,3.6,AU,1721590534
405,launceston,-41.45,147.1667,10.8,100,75,6.69,AU,1721590544
406,cockburn town,21.4612,-71.1419,28.35,84,100,7.7,TC,1721590381
407,klyuchi,52.2667,79.1667,19.04,81,84,3.81,RU,1721590546
408,krasnokamensk,50.0979,118.0369,16.34,80,30,2.09,RU,1721590547
409,madalena,41.2162,-8.3345,26.42,57,0,1.36,PT,1721590549
410,yamethin,20.4333,96.15,23.86,98,100,4.57,MM,1721590550
411,vilyuysk,63.7553,121.6247,16.16,65,100,2.76,RU,1721590551
412,bou arada,36.3525,9.6218,33.47,28,8,2.66,TN,1721590552
413,vorkuta,67.5,64.0,8.25,65,98,3.03,RU,1721590553
414,bubaque,11.2833,-15.8333,26.97,84,100,6.45,GW,1721590554
415,mishkino,55.3389,63.9175,16.02,96,100,3.35,RU,1721590555
416,hadibu,12.65,54.0333,26.39,81,100,9.81,YE,1721590556
417,nouadhibou,20.931,-17.0347,22.36,80,16,7.37,MR,1721590558
418,illizi,26.4833,8.4667,38.89,11,0,3.96,DZ,1721590559
419,achinsk,56.2694,90.4993,16.37,94,92,1.97,RU,1721590560
420,lerwick,60.1545,-1.1494,13.0,88,100,4.8,GB,1721590561
421,suruc,36.9761,38.425,31.34,30,0,3.27,TR,1721590562
422,hue,16.4667,107.6,28.06,78,75,2.06,VN,1721590563
423,antsiranana,-12.2787,49.2917,22.44,84,19,5.9,MG,1721590564
424,tralee,52.2704,-9.7026,15.47,95,100,3.47,IE,1721590567
425,kastsyukowka,52.5387,30.9173,22.0,64,0,2.0,BY,1721590568
426,port macquarie,-31.4333,152.9167,6.71,83,0,0.89,AU,1721590534
427,yulinshi,38.2906,109.7494,27.59,46,5,1.15,CN,1721590570
428,dalnerechensk,45.9339,133.7225,18.81,97,10,2.69,RU,1721590571
429,tazacorte,28.629,-17.9293,24.54,69,40,6.69,ES,1721590572
430,addiet canna,11.2667,37.4833,14.23,97,99,0.75,ET,1721590573
431,praia da vitoria,38.7333,-27.0667,25.98,73,75,1.77,PT,1721590575
432,little chute,44.28,-88.3184,26.11,50,93,0.89,US,1721590576
433,coron,11.9986,120.2043,26.49,85,100,3.75,PH,1721590577
434,kangding,30.0513,101.9603,17.84,97,100,0.21,CN,1721590578
435,sihanoukville,10.6093,103.5296,25.97,100,100,1.03,KH,1721590579
436,ambovombe,-25.1667,46.0833,19.11,85,39,3.11,MG,1721590580
437,podporozh'ye,60.9112,34.1706,15.37,74,0,2.43,RU,1721590581
438,broken hill,-31.95,141.4333,7.98,55,38,4.28,AU,1721590583
439,nizhneangarsk,55.7833,109.55,17.82,62,100,2.35,RU,1721590584
440,mount darwin,-16.7725,31.5838,14.89,54,3,0.84,ZW,1721590585
441,nampa,43.5407,-116.5635,37.8,25,0,4.63,US,1721590586
442,kailua-kona,19.6406,-155.9956,29.6,70,0,3.6,US,1721590587
443,frontera,26.9333,-101.45,32.72,44,75,6.17,MX,1721590588
444,verneuil-sur-avre,48.7395,0.9273,17.78,93,98,3.1,FR,1721590589
445,celendin,-6.8703,-78.1517,22.29,43,80,3.54,PE,1721590590
446,bafilo,9.35,1.2667,20.98,97,91,1.28,TG,1721590592
447,kidal,18.4411,1.4078,34.69,34,99,4.03,ML,1721590593
448,notse,6.95,1.1667,23.56,84,33,2.8,TG,1721590594
449,ciudad lazaro cardenas,17.9583,-102.2,29.73,66,87,4.25,MX,1721590595
450,sabang,5.8933,95.3214,28.77,78,100,6.98,ID,1721590596
451,cadillac,44.2519,-85.4012,26.95,54,20,3.09,US,1721590597
452,pokrovsk,48.282,37.1758,25.42,30,100,3.11,UA,1721590598
453,mount isa,-20.7333,139.5,7.87,49,0,2.06,AU,1721590601
454,el porvenir,13.7617,-87.3458,29.63,69,100,0.66,HN,1721590602
455,nago,26.5881,127.9761,30.08,85,20,3.5,JP,1721590603
456,codrington,-38.2667,141.9667,12.0,91,97,6.64,AU,1721590604
457,zhongshu,24.5167,103.7667,17.52,99,46,1.11,CN,1721590605
458,agat village,13.3886,144.6585,28.06,89,0,2.06,GU,1721590606
459,bartlesville,36.7473,-95.9808,26.97,72,75,4.12,US,1721590607
460,choibalsan,48.0667,114.5,19.78,78,100,4.24,MN,1721590609
461,fisterra,42.9049,-9.2629,18.19,78,0,8.93,ES,1721590610
462,dar kulayb,26.0686,50.5039,38.09,48,99,3.49,BH,1721590611
463,tommot,58.9564,126.2925,14.22,92,6,1.11,RU,1721590612
464,westport,41.1415,-73.3579,30.73,49,0,3.6,US,1721590613
465,coronel dorrego,-38.7187,-61.2873,12.97,43,5,4.12,AR,1721590614
466,san julian,21.0167,-102.1667,24.06,47,68,2.44,MX,1721590615
467,tromso,69.6496,18.957,20.01,64,0,3.6,NO,1721590617
468,kapa'a,22.0752,-159.319,27.28,74,20,5.66,US,1721590619
469,urengoy,65.9667,78.3667,7.94,61,1,3.37,RU,1721590620
470,benguela,-12.5763,13.4055,21.37,83,80,1.78,AO,1721590621
471,san juan,-31.5375,-68.5364,14.22,32,7,2.94,AR,1721590620
472,sol'-iletsk,51.1631,54.9918,24.25,53,2,5.63,RU,1721590623
473,iranshahr,27.2025,60.6848,39.19,29,20,0.0,IR,1721590624
474,salaspils,56.8601,24.3654,18.24,86,1,1.47,LV,1721590626
475,quelimane,-17.8786,36.8883,21.97,78,0,3.09,MZ,1721590628
476,greymouth,-42.4667,171.2,5.83,90,100,2.97,NZ,1721590629
477,yallahs,17.8748,-76.5624,33.85,73,100,6.45,JM,1721590630
478,arteche,12.2645,125.4048,26.31,87,100,3.26,PH,1721590631
479,tamiahua,21.2667,-97.45,29.48,70,92,3.82,MX,1721590632
480,baki,-7.6128,110.7839,21.1,93,34,2.73,ID,1721590633
481,cruzeiro,-22.5761,-44.9628,24.09,45,0,1.47,BR,1721590635
482,severo-yeniseyskiy,60.3725,93.0408,13.74,96,23,1.39,RU,1721590636
483,saint-denis,48.9167,2.3333,22.45,63,0,6.17,FR,1721590637
484,undurkhaan,47.3194,110.6556,16.3,97,100,3.02,MN,1721590638
485,champerico,14.3,-91.9167,34.3,72,65,2.97,GT,1721590639
486,dryden,49.7833,-92.7503,25.16,33,0,1.54,CA,1721590640
487,west hattiesburg,31.3191,-89.3751,29.12,70,20,3.6,US,1721590641
488,inari,68.906,27.0288,25.11,61,90,2.5,FI,1721590642
489,chandauli,25.2667,83.2667,30.03,56,100,5.26,IN,1721590644
490,nelson bay,-32.7167,152.15,8.89,91,0,5.99,AU,1721590645
491,benalla,-36.55,145.9833,7.85,97,100,1.93,AU,1721590646
492,itaituba,-4.2761,-55.9836,35.09,43,40,4.63,BR,1721590647
493,junin de los andes,-39.9504,-71.0694,10.8,52,0,0.54,AR,1721590648
494,senanga,-16.1167,23.2667,17.47,20,10,2.11,ZM,1721590650
495,faya-largeau,17.9257,19.1043,37.63,28,5,4.88,TD,1721590651
496,nuuk,64.1835,-51.7216,8.34,76,20,5.14,GL,1721590653
497,megalopoli,37.4011,22.1422,26.25,63,0,1.47,GR,1721590654
498,kill devil hills,36.0307,-75.676,27.21,79,0,2.57,US,1721590655
499,xinyuan,37.3,99.0,10.65,97,100,1.07,CN,1721590656
500,vadso,70.0744,29.7487,24.49,68,0,2.06,NO,1721590657
501,escanaba,45.7453,-87.0646,27.77,57,0,4.63,US,1721590658
502,mhamid,29.82,-5.72,39.82,9,0,2.53,MA,1721590659
503,mugia,43.1041,-9.2179,18.28,80,0,7.62,ES,1721590660
504,kalamata,37.0389,22.1142,28.87,54,0,5.14,GR,1721590662
505,smithers,54.7804,-127.1743,26.18,47,20,2.06,CA,1721590663
506,dauphin,51.1494,-100.0502,29.08,65,0,3.6,CA,1721590664
507,cruzeiro do sul,-29.5128,-51.9853,19.73,81,100,0.32,BR,1721590665
508,jieshi,22.8134,115.8257,28.49,84,100,4.12,CN,1721590666
509,cusset,46.13,3.4596,21.19,95,8,1.67,FR,1721590667
510,touros,-5.1989,-35.4608,25.28,77,29,6.71,BR,1721590668
511,ceerigaabo,10.6162,47.368,20.68,62,77,8.89,SO,1721590670
512,ingeniero jacobacci,-41.3427,-69.5448,10.6,36,0,2.81,AR,1721590671
513,ad dilam,23.9915,47.1627,38.23,13,100,1.42,SA,1721590672
514,takoradi,4.8845,-1.7554,23.78,88,50,3.83,GH,1721590673
515,les cayes,18.2,-73.75,29.71,75,42,5.2,HT,1721590674
516,chui,-33.6971,-53.4616,17.6,84,44,2.66,UY,1721590675
517,luwero,0.8492,32.4731,18.84,95,76,1.16,UG,1721590676
518,shahpur,16.7,76.8333,23.95,85,100,7.06,IN,1721590677
519,revda,56.801,59.9303,11.51,88,100,3.65,RU,1721590679
520,ubinskoye,55.3068,79.6802,16.41,91,100,1.64,RU,1721590680
521,swift current,50.2834,-107.8014,30.45,42,20,3.09,CA,1721590681
522,ulladulla,-35.35,150.4667,7.9,80,4,2.45,AU,1721590682
523,barreirinha,-2.7933,-57.07,31.77,48,36,1.4,BR,1721590683
524,ta`u,-14.2336,-169.5144,26.59,69,83,10.28,AS,1721590684
525,ternate,0.8,127.4,25.88,80,100,2.28,ID,1721590685
526,lamba,6.3597,124.8122,23.41,87,78,1.56,PH,1721590686
527,lazaro cardenas,17.9583,-102.2,29.73,66,87,4.25,MX,1721590595
528,morteau,47.0667,6.6167,20.74,82,75,1.54,FR,1721590689
529,al jawf,29.5,38.75,31.05,16,0,2.25,SA,1721590690
530,northam,51.0333,-4.2167,16.88,83,55,5.73,GB,1721590691
531,rio gallegos,-51.6226,-69.2181,11.03,62,0,9.26,AR,1721590527
532,gaya,24.7833,85.0,30.8,69,100,4.38,IN,1721590650
533,gerash,27.6652,54.1371,35.08,28,69,1.11,IR,1721590694
534,sorong,-0.8833,131.25,24.43,92,100,3.89,ID,1721590695
535,nuku'alofa,-21.1333,-175.2,23.19,94,20,4.12,TO,1721590696
536,myski,53.709,87.8014,15.36,97,100,1.51,RU,1721590697
537,karratha,-20.7377,116.8463,18.03,27,5,4.65,AU,1721590699
538,emerald,-23.5333,148.1667,7.1,66,0,5.12,AU,1721590446
539,wang sai phun,16.3885,100.538,27.7,100,100,1.35,TH,1721590701
540,holualoa,19.6228,-155.9522,27.53,73,0,3.6,US,1721590703
541,nabire,-3.3667,135.4833,23.55,94,100,1.28,ID,1721590704
542,puerto escondido,15.85,-97.0667,30.46,79,75,1.54,MX,1721590705
543,salalah,17.0151,54.0924,25.05,100,100,1.54,OM,1721590706
544,omdurman,15.6445,32.4777,33.04,41,15,9.14,SD,1721590708
545,tharyarwady,17.65,95.8,24.37,98,100,3.41,MM,1721590709
546,la foa,-21.7108,165.8276,18.28,72,58,0.92,NC,1721590710
547,anan,33.9167,134.65,26.88,94,75,1.54,JP,1721590711
548,deder,9.3167,41.45,15.2,85,91,2.75,ET,1721590712
549,igarka,67.4667,86.5833,5.78,75,0,5.4,RU,1721590713
550,kencong,-8.2833,113.3667,23.31,85,100,0.94,ID,1721590714
551,rio grande,-32.035,-52.0986,19.06,80,100,1.82,BR,1721590715
552,fortuna,40.5982,-124.1573,16.63,93,75,6.17,US,1721590717
553,nobeoka,32.5833,131.6667,25.28,92,0,1.55,JP,1721590718
554,stettler,52.3168,-112.7186,32.08,24,0,4.47,CA,1721590719
555,ghat,24.9647,10.1728,35.35,11,2,4.13,LY,1721590720
556,taulaga,-11.0553,-171.0883,27.71,74,36,9.77,AS,1721590721
557,utete,-7.986,38.758,19.3,86,14,1.45,TZ,1721590722
558,simrishamn,55.5565,14.3504,18.53,81,91,5.86,SE,1721590723
559,plastun,44.7561,136.2939,18.06,97,1,2.4,RU,1721590726
560,corcova,44.7,23.05,22.91,71,0,2.38,RO,1721590727
561,amos,48.5669,-78.1162,19.03,49,97,2.4,CA,1721590728
562,fuglafjordur,62.244,-6.814,11.26,87,49,8.88,FO,1721590729
563,nemuro,43.3236,145.575,16.58,97,34,7.2,JP,1721590730
564,magadan,59.5667,150.8,13.16,93,100,1.84,RU,1721590731
565,limbe,4.0242,9.2149,24.36,87,59,3.43,CM,1721590733
566,kasane,-17.8167,25.15,17.26,32,1,2.49,BW,1721590734
567,tindouf,27.6711,-8.1474,44.25,9,20,1.54,DZ,1721590735
568,sirte,31.2089,16.5887,28.51,62,0,4.24,LY,1721590737
569,sokoni,-6.4333,39.55,23.92,70,18,5.78,TZ,1721590738
570,sen monorom,12.45,107.2,20.76,99,100,1.87,KH,1721590739
571,komlo,46.1928,18.2649,24.69,58,0,1.66,HU,1721590741
572,najran,17.4924,44.1277,33.36,35,100,2.86,SA,1721590742
573,guarapari,-20.6667,-40.4975,22.72,78,11,2.03,BR,1721590743
574,alofi,-19.0595,-169.9187,23.94,78,100,3.6,NU,1721590744
575,ialibu,-6.2821,143.9935,14.12,100,95,0.34,PG,1721590745
576,antofagasta,-23.65,-70.4,16.6,76,0,3.47,CL,1721590746
